Id,NickName
103603,1000kgthanh
103760,999999999ok
103829,ac7ive
1,admin
103839,ahkk.nguyen
103981,akyshin
103863,alex.tran.7792
103694,ali33va40tencuop
103547,alice.mi.39
103523,all4u4me
103758,amakaru.xtu
103411,an.lee.908
103343,andrea.pirlocci
103545,angelathanhthuy.tran
103645,anh.linh.9
103560,anh.luongbao
103327,anh.pham.3152130
103602,anhchau2206
103432,anhdungsg87
103502,anhnguyet.duong.12
103401,anhptk
103708,anhtuan.ngole
103864,anhtunguyen841982
103858,ann.le.714
103639,anna.do.71
103890,anne.gloton
103704,answerer
103480,AnTiO1992
103559,anuranjan.jha.9
103769,ardy.atma.1
3,arthur_holmes
103713,babyghost89
103656,bachyen.dinh.5
103680,bao.ha.777
103843,baoanh.dang.56
103607,baoanh.truong.5
14227,baoln17411
103506,baotrungbmt
103306,beeboo.crazy
103310,belimoon
103821,bi.phi.92
103851,bibo.bibi.378
103866,bich.tram.3557
103482,bichhopnguyen
103593,binh.nguyen.96742
14983,boconganh2889
103378,bon.za.18
103409,booboo.pham
5,brenda_lindgren
103696,bryan846
103665,bui.t.hung.1
103441,buihuudao
103982,canary.ha
103705,cao.t.vi.1
103703,caphe.sua.50
103685,Capricorn.funy
103728,cathynguyethang
103468,chaunt.1988
103774,chausoco
103309,CheTrung
103599,chilli.addict
103692,chung.bui.5492
103975,chung.nguyen.1291
103326,chuotk0i
103390,cici.luong.33
103707,cong.t.sach
103777,contes2
103460,contomluoc
103377,cskt.coop
103804,cubidu88
103755,cuibaphehe
103594,Cuong.Acc
103659,dailoc.nguyen.758
103372,damphuhanh
103434,damphuhung
103958,damquangthien
103693,dang.d.khang
103410,dang.pvh
103383,dang.thang.31
103867,dangsontn
103678,daomandat
103456,dathangngay
103388,day4mine
103734,DeeJay.BinhChelsea
103968,diane.truong.9
103520,dicoloves
103423,diemphucphan
103581,dieu.ngoc.39
103317,dieulinhkt
103542,dieuthu0205
103870,dinh.ngo.7505
103776,dinh.thi.thuy2908
103424,dinhquanbm
103882,dnbang
103367,doan.khoi
103695,doanhcay
103748,doanthiphuong.babycovo
103486,dominictran201
103318,dothanhchung
103644,doy29
103879,dq.ninh
14902,duclm17411
103323,ducorphanvoice
103801,dung.dinh.33
103737,dung.hoang.5855
103419,dung.pham.773
103792,dungtran252
103988,duong.n.thi
103512,duong.t.tram
103830,duongbi.bi.31
13885,duongnt17411
103344,duongtieude
103876,Duongtruclinh
103909,duy.huynh.777
103360,duy.pham.526875
103473,duycuong.truong
103501,duyen.le.180
103901,dvhoa.frontflip
103744,edisontoan.nguyen
103552,ellen.bbie
103430,felicitasishere
103869,giang.tran136
103398,gianghotrinhnu
14791,giangnt17411
103844,giayxuatkhau1985
103549,GohVN
103714,grace.duy.7
103536,greenplain.thaonguyen
103334,ha.b.anh.54
103420,ha.doan.9615
103954,ha.n.hien.75
103339,ha.tien.106
103361,hagon9999
103503,hahaha_aoba3a
103555,hai.duy.1420
103771,haingoc.tranthai
15042,hanbn17411
103342,hang.t.nguyen.54
14486,hangdoan08081999
103574,hangocduong
103796,hannguyen.phunhuan
103385,haphuong.0104
103548,Harukusa
23086,hateej2601
103516,hatim0803
103690,heaven.lai.7
103592,heo.con.129142
103354,heo.honghong
103303,heo
103800,heocon.dangyeu.14
103397,heorungdangyeu
103809,hhoahi
103747,hideyuki.takiyama
103790,hien.nguyen.52
103538,hien.nguyentrong84
103730,HienLens
103831,hip01
103459,ho.hoangphuc.5
103684,ho.n.dung.5
103466,ho.thuy.7
103572,hoa.thanh.5454
103990,hoang.cam.75
103638,hoang.hoangvuonghoang
103406,hoang.hue
103649,hoang.minh1810
103570,hoang.phuong.52643
103597,hoangkemly
103613,hoanglandon
103676,hoangleo1989
103891,hoanglinhtu
103793,hoangmy.my.75
103725,hoangPG
103371,hoangthien.lethanh
103500,hoangtien2642
103365,hoangtienthanh
103375,hoangxuanbach
103681,HoangXuanHai
103391,hoaquachsd
103900,hoatuanhtgp
103331,hodinhhieu
103989,hoi.cham.174
103972,hong.dang.9235
103827,hong.pham.1401
103578,hongha.lee
103418,honghanh.nguyen.395
103328,hongtrinh2006
103488,ht2008
103587,htkn8490
103350,huanoppa89
103433,hue.hoang.14661
13892,huelt17411
103407,huethanhcao
103417,hung.pham89
103991,hung.tran.942
22881,hungnq17411
103826,huong.9189
103798,huong.dam.50
103846,huong.truongmy
103727,huong.zheng
103675,huonghue.che
22487,huongnld17411
103993,huongxuanlethi
103997,hurt.thurty
103679,huu.loc156
103775,huubac
103978,huutdh
103617,huy.hoang.330
103739,huy.nguyen.9465
103494,huyen.tranga
103364,huynh.t.phong.3
103872,huynh.thuy.9849
103443,huynhthao.trang.1
103828,iamika.290
103787,ide.lena1
103436,iloveyourself
103351,incognito.vhh
103973,itlegendseven
103824,itssmizirishA
103387,ivyngoc.van
103453,iwan.ongko
103778,jack.letuan
103710,jackey.phuong
4,james_pan
103853,jane.truong.9
103815,jason.do.7
103573,jenny.nguyentran.5
103481,jini.huynh.9
103646,jo.steepan
103841,Joker.l33
103439,July.s20th
103491,JunCantyLee
103673,kate.nguyen.522
103662,kawakatsujunji
103329,keianth3222
103847,kem.baymau
103983,khanh.long.79
103435,khanhviospa
103691,khanv.it
103789,khen.tranthi
103878,khoa.khoapercy
103311,khue.chuot
103345,kien.le.7545
103865,kieuchinh.nguyen.52
103363,kieuminhhoang
103797,kieuvietvuong
103899,kimcuong.vo.16
103837,kimngon.pham
103699,kimquyt
103541,kitty.ngo.5
103379,Kojumi
103444,Kukumalu.Thu
103369,kyduyen.pham
103609,kythuboi
103618,lanna.nguyen.77
103621,lcfs.hanoi
103467,ldchinh
103504,ldt116
103994,le.d.hung.986
103341,le.h.thuong.90
103731,le.minhtriet.37
103628,le.n.quang.9
103738,le.p.bao
103357,le.p.hien
103840,le.quang.754
103399,le.sam.351
103402,Lee.Chong.Chong89
103534,lekimngavlg
103996,lenam.uit
103532,lengocchau32
103537,lesonarch
103368,lethaiphuc.quang
103450,letranglotus
103889,liem.toshi
103413,liemhummer
103985,lien.tran.97
103663,lieu.vo.7
103605,linh.luong.2912
103720,linhanhgpstech
103873,linhbanker.sg
103650,lion.mi.31
103576,locddspkt
103495,locndv
103892,long.l.thanh
103766,ltkhoi
103337,ltr.hoainhi
103780,luong.hathanh
103478,luong.t.nhi
103431,luong.vannghia
103700,luongmanhhai
103854,luu.hang.my
103881,luungocmaikhanh
103590,lv.honguyen
103655,ly.einsten
103836,ly.hoangtrung
103565,ly.kieu.5
103709,lychankiet85
103591,m0nmummim
103392,ma.phungphinh.1
103911,macquanthungdit
103807,mai.kimquy
103683,maihuong1910
103463,maika.nguyen.79
103855,maitrang2088
103347,man.king.98
103464,mandyminhtu
103366,manh.nguyen.5492216
103449,mariaozawaaaa
103348,marko.kukor
103915,MeatBunBun
103462,MeBeoBo
103540,meo.muop.br
103811,michiyasu
103782,minh.duongbinh
103315,minh.huynh.524
103913,minh.nguyenthianh.7
103907,minh.nguyentho
103666,minh.phuong.9809672
103962,minh.tan.7161
103914,minh.vo.509
103670,minhhieuitf
103421,minhthanh.dao.1
103750,mizuumi.namihiko
103362,mohammed.talhasadat
103845,mongyenhotel
103979,Mr.Gooogle
103400,mr.nttung
103803,my.heu
103539,mylinh.do.92
103677,myngoc0306
103586,nam.doanhai
103625,nam.duonghong.50
103672,nam.kimcham.1
103834,nam.tran.710667
103814,nambongson
103733,nancy.nguyen.7
103717,nangamxadan1802
103513,ncccuong
103977,Neohpan
103697,NeverDIEAlone
103812,newhtg
103633,nga.mai2
103497,nganchim25
103355,ngaythuhai
103770,nghiahavn
13878,nghiatd17411
103987,ngmtri84
103514,ngo.t.hung.3
103340,ngo.thy.1
103722,ngoc.lien.180
103857,ngocbaod2
103429,ngocbichvnd
103630,ngocha.nguyen.338
103452,ngochabk05
103669,ngockien.tran.3
15534,ngocntd17411
103671,ngoctan2401
103992,ngocyds
103604,ngodoanloc89
103652,NgoNgocTuyen
103880,ngothach81
103624,ngothanhtrunghcm.nokia
103446,ngquocbinh
103660,nguyen.anh.1217
103490,nguyen.c.nhan.1
103389,nguyen.hiep.507
103442,nguyen.khuong.18
103856,nguyen.kool
103335,nguyen.linh.10
103454,nguyen.linh.9041
103479,nguyen.m.phuong.9022
103658,nguyen.nhu.355
103394,nguyen.quocbinh.14
103428,nguyen.t.hoa.5030
103498,nguyen.t.mi.96
103584,nguyen.tam.779642
103970,nguyen.tommy.16
103589,nguyen.v.em
103974,nguyen.v.minhtri
103773,nguyen.yenthu.9
103600,nguyenbichthao136
103818,nguyenbinhit
103668,nguyendinhdacy
103667,nguyendo.hongphuoc
103606,nguyenhoathuan
103510,nguyenlong294
103634,nguyenminhhuy01121987
103384,nguyenminhnhat
103820,nguyennhat.truong.1
103749,nguyenphucquychau
103875,nguyenthitungvan
103564,nguyentrinhbt
103715,nguyenvancuong87
103687,NguyenVuNhatChuong
103528,nguyenvuphuongkhanh
103616,nguyet.phung.10
103743,nguyetanh.nguyenthi
103781,nguyetleit
103768,nguyettram
103896,nhat.phuong.31
103637,nhi.sena
103508,nhiennta
103886,nhonx
103422,nhphau
103475,nhu.kio
103325,nhu.nhungnhang
103425,nhung.vu.58760
103802,nhungphuong
103403,Nic0912xautinh
103756,nicmclee
103451,nmhai84
103527,nt.ngoc.12
103353,ntcuong
103825,ntmthu1982
103499,nu.my.148
103753,oanh.pham.1422
103956,oanhmarketingpr
103657,obeans
103702,ocgaoj
103553,ome.ly.3
103963,p3Di3m
103689,PeterPhamQuoc
103396,pham.nguyen.152
103647,pham.t.ngan.9
103788,phamdinhminh
103386,phamdinhtoai
103395,phan.cong.7
103483,phan.nhu
103716,phan.t.nhan.16
103742,phancongcanh
14106,phatlt17411
103438,phatnh
103852,phatt.dang.3
13874,pheptb17411
103813,phsontung
103505,phuc.tran.180
103324,phuc.trinh.313
103568,phuduc.vo
103726,phuoc.buithimy
103823,phuoc.vinh.7
103352,phuong.daongoc
103955,phuong.fany.1
103582,phuong.lan.104
103636,phuong.vy.35
103620,phuongdiamond
103842,phuonglan.lethi.16
103521,PhuongTrangit
13887,phuongvtl17411
103575,pinhpinh.conuong
103893,polimibk
103519,pretty.phan
103894,ptkiuee
103887,quang.dinh.10236
103595,quang.nguyen.7161
103415,quang.phuc.5
103477,quang.vinh.549668
103984,quangvinh.chau.3
103833,quanvo.vn
103751,quocquan.le.1
103566,quocviet1611
103642,quyen.le.50364
103336,quynh.dung.77
103682,quynhnga.pham.378
103895,quynhngoc.nguyen.9
103905,quynhnhuht
103580,RaymondMrDinh
103810,rich.seven.1
103476,ruud0407
103405,sa.dethuong
103765,sami.nguyen.89
103585,sang.nguyen.12764
103370,sang.nguyenminh.311
103848,sang.truongcong.1
103724,sangcnt
103883,santhanh612
103487,satthuqn
103404,seagull271
103629,selena.pham.90
103316,Singer.VanMaiHuong
103965,snake158
103784,snowflake.nancy
103346,soi.ngoan85
103556,solarprince1106
103308,son.nguyenvutruong
103313,son.tran.528316
103898,sophia.pham.752
103557,sora.chan.92
103455,starc2p
2,steve_gates
23429,suongttt17411
103615,tai.nguyen86
103706,taipham1991
103517,takhoatran
103359,tan.le.5243
103558,tandat.nguyen.399
103611,tandt.uit
103376,tcvuong
82465,teo113
103380,thachcomputer
103635,thachpham92
103906,thai.buidinh
103817,thaian.nguyen.75
103320,thaitulao.yukan
103688,thaj.crjs
103757,thang.leminh20101982
103664,thanh.cule
103588,thanh.nha.336
103651,thanh.thao.581187
103862,thanh.thien.581
103571,thanh.truongphuong.5
103596,thanhcuong.tc
103910,thanhhai.le.125
103816,thanhhieu.nguyenhuynh
103524,thanhhk1202
103959,thanhlong296
103414,thanhlucdang
103740,ThanhNDVN
103779,thanhnguyenquoc
103447,thanhruby7925
103838,thanhtinh.chau79
103526,thanhtra.ftu
103627,thanhtu.nguyen.71
103632,thao.bui.50
103729,thao.phuong.7973
103489,thao.trananh.77
103493,thaoquyen.nguyen
103626,thaoquynhdhd
103349,Thaygiao.thien
103614,thehien.tran.37
23448,thekingdemon012399
103631,theresa.prietos
103674,thesonth
103783,thesungpro
103533,thieu.ta.9
103643,thinhbui1303
103623,thinhdautu
103884,thithaoptit
103563,thong.nguyenngocquang
103496,thtruong
103861,thu.duong.5
103319,thu.p.trinh
103767,thuan.quoc.77
13879,thuanta17411
103356,thuattq
103579,thuc.nguyen.3363
103562,thunga.nguyen.904
103701,thuongpc
103654,thutruc.huynh.3
103719,thuy.huynh.315213
103492,thuy.thu.161
103736,thuy.trang.35110
103640,thuy.xinh.180
103322,thuyan411
103764,thuygiangnl
103661,thuyhang.nguyen.169067
103437,thuykha.do
103799,thy.chau.13
103445,tieuthull
103835,tinhcat0012
103412,tini.nd
103374,toanphu.nguyen
103535,tommy.to0104
103712,tossyyossy
103805,tphuocthai
103333,tqthang2104
103330,tracyluu07
103849,tram.dong.3
103745,tram.t.nguyen.31
103735,tram.vu.7982
103819,tran.anh.khoa.86
103822,tran.dat.1029
103859,tran.huynh.2012
103622,tran.m.quynh.1
103484,tran.mai.7165
103485,tran.quyen.399
103458,tran.tuyet.129
103569,tran.v.nam.37
103964,tran.yen.31149
103808,trangxinhtuoi
103551,tranhoanganhvn
103393,tranlam881991
103850,tranlevinhvn
103754,tranminh105
103426,tranminhmanh
103860,tranngoctienvn
103971,trannhatvy
101213,tranphammannhi
102526,tranphammannhi1
103772,tranthanh.tung.754
103427,trieu.hien.35
103601,trieu.thuy.5
103515,trieu001
103969,trinh.t.khanh
103373,trinh.thuhuong.7
103577,trinhcongthanh
103608,trinhduyky
103711,trongtruongthanh22389
103686,TrucMai.Mr
103806,trung.la.315
103732,trung.thanh0311
103338,truong.g.huong
103902,truong.hoangphuoc
103791,truong.lenhut.7
103721,truong.minhtan.56
103408,truong.t.ha.1
103531,TruongTranVu
15221,truyentt17411
103612,ttkquyen
103874,tu.dinh.5
103723,tu.duong.1441
103583,tu.hao.73
103332,tu.hp.10
103546,tuan.doan.31945
103530,tuan.phananh.7393
103976,tuan.tran.796774
103785,tuan15992
103995,tuankiet.ngo.1
103619,tuannguyenSilver
103960,tuanpkna
103888,tuehoan
103746,tung.ledinh
103567,tung.thanh.370
103461,tunv87
103741,tuoi.le.9
103381,tuong.vi.750
103641,tuonglam.dang
103382,tuquyen.tranngoc
103525,tyt.kyun
103653,tytoe.tran
103961,uyenphuong.le.7547
103759,van.thuy.35
103598,vanbachbn
103908,vancanhbinhls
103416,vanduong0403
103897,vankhanguyen
103522,vantaipc
103474,vhien2201
103967,vibollmc
103698,vicent.pmt
6,victoria_victoria
15202,vietbth17411
103885,vietphuongtran73
103550,VigorRomeo
103762,vinh.nguyen.5036
103440,vinhdinhnguyen
103903,VinhMessi
103469,vixu13
14906,vntt1234
103561,vo.x.phuc
103795,voluonggiac
103321,vomanhcuong
103448,vu.n.anh.5
103518,vu.phuong.5264
103544,vu.tiet
103543,vuduyduc13
103868,vuhoan24
103529,vunguyen.nguyen.7
103916,vuongtrieungoc
103966,vuson.tung.9
103763,vy.vu.1447
14180,vytl17411
103314,vyvo83
103832,web3in1
103511,wendy.zhou.7583
103980,werty.cvg
103312,western84
103986,Xezarre.vinhnt
103509,Xoaixinhh
103358,xuan.an.545
15018,xuandtt17411
103648,xuanlinh.phan
103912,xuanroffy
103761,xuni.ntm
103877,xuongrongnguquen
103904,yenxaome
103610,yoneteru
103718,young.che
23251,zeatop939
103957,zHeroNguyen
